{"stats":{"minecraft:custom":{"minecraft:time_since_rest":2794,"minecraft:play_time":2794,"minecraft:sprint_one_cm":1732,"minecraft:damage_taken":140,"minecraft:walk_one_cm":16774,"minecraft:mob_kills":1,"minecraft:drop":2,"minecraft:jump":36,"minecraft:damage_dealt":446,"minecraft:time_since_death":2794,"minecraft:total_world_time":2794,"minecraft:player_kills":1,"minecraft:fall_one_cm":729,"minecraft:fly_one_cm":2123},"minecraft:used":{"minecraft:dirt":18,"minecraft:iron_sword":12,"minecraft:dandelion":1},"minecraft:mined":{"minecraft:grass":6,"minecraft:grass_block":13,"minecraft:dirt":13,"minecraft:tall_grass":1},"minecraft:picked_up":{"minecraft:rotten_flesh":2,"minecraft:dandelion":1,"minecraft:iron_sword":1,"minecraft:dirt":18},"minecraft:killed":{"minecraft:zombie":1},"minecraft:dropped":{"minecraft:rotten_flesh":2}},"DataVersion":3465}