{"stats":{"minecraft:dropped":{"minecraft:dirt":72,"minecraft:iron_sword":2,"minecraft:stone":1,"minecraft:wheat_seeds":1,"minecraft:mutton":6,"minecraft:crossbow":1,"minecraft:tall_grass":1,"biomesoplenty:barley":1,"minecraft:cobblestone":276,"minecraft:rotten_flesh":5,"minecraft:arrow":3,"minecraft:white_wool":3,"minecraft:grass_block":3,"minecraft:coal":13,"minecraft:bone":2,"minecraft:dandelion":1,"minecraft:firework_rocket":64,"minecraft:flint":1},"minecraft:used":{"minecraft:creeper_spawn_egg":2,"securitycraft:camera_monitor":1,"minecraft:firework_rocket":1,"minecraft:coal_ore":1,"simplyswords:diamond_scythe":21,"minecraft:flint_and_steel":60,"minecraft:iron_sword":1,"securitycraft:security_camera":1,"securitycraft:mine":1,"securitycraft:cobblestone_mine":2,"minecraft:tnt":401,"minecraft:crossbow":5},"minecraft:custom":{"minecraft:time_since_rest":30064,"minecraft:sprint_one_cm":52243,"minecraft:walk_one_cm":35717,"minecraft:mob_kills":19,"minecraft:drop":38,"minecraft:damage_dealt":1659,"minecraft:fly_one_cm":318197,"minecraft:crouch_one_cm":1308,"minecraft:play_time":30064,"tombstone:undead_killed":2,"minecraft:sneak_time":415,"minecraft:jump":491,"minecraft:leave_game":3,"minecraft:time_since_death":30064,"minecraft:total_world_time":30064,"minecraft:fall_one_cm":418},"minecraft:picked_up":{"minecraft:dandelion":2,"minecraft:flint":1,"minecraft:grass_block":1,"minecraft:dirt":72,"minecraft:arrow":3,"minecraft:bone":2,"minecraft:rotten_flesh":5,"minecraft:wheat_seeds":1,"minecraft:coal":13,"minecraft:mutton":6,"minecraft:iron_sword":1,"minecraft:white_wool":3,"minecraft:cobblestone":299},"minecraft:killed":{"minecraft:sheep":5,"minecraft:skeleton":5,"minecraft:donkey":1,"minecraft:zombie":2,"minecraft:spider":1,"minecraft:creeper":5}},"DataVersion":3465}