{"stats":{"minecraft:dropped":{"minecraft:coal_block":1},"minecraft:picked_up":{"minecraft:bone":8,"minecraft:tripwire_hook":1,"minecraft:potion":1,"minecraft:mushroom_stew":2,"minecraft:oak_log":5,"minecraft:cake":1,"terramity:leap_ring_plus":1,"minecraft:coal_block":1,"terramity:gold_round":11,"tombstone:lollipop":1},"minecraft:killed":{"terramity:elite_skeleton":2},"minecraft:custom":{"minecraft:open_barrel":7,"minecraft:time_since_rest":28837,"minecraft:open_chest":30,"minecraft:crouch_one_cm":1785,"tombstone:undead_killed":2,"minecraft:play_time":28837,"minecraft:sprint_one_cm":71945,"minecraft:damage_taken":10,"minecraft:walk_one_cm":60331,"minecraft:sneak_time":557,"minecraft:mob_kills":2,"minecraft:drop":1,"minecraft:jump":327,"minecraft:time_since_death":28837,"minecraft:walk_on_water_one_cm":330,"minecraft:total_world_time":28837,"minecraft:climb_one_cm":876,"minecraft:damage_resisted":1895,"minecraft:fall_one_cm":5080,"minecraft:fly_one_cm":148827},"minecraft:mined":{"minecraft:oak_log":5,"minecraft:oak_leaves":1},"minecraft:used":{"minecraft:smooth_quartz_stairs":1,"minecraft:damaged_anvil":2,"minecraft:cobblestone":3,"terramity:simple_turret_spawn_egg":3,"minecraft:wither_skeleton_skull":3,"minecraft:armor_stand":1,"minecraft:suspicious_sand":5,"minecraft:brush":5,"minecraft:shroomlight":2,"minecraft:calcite":3}},"DataVersion":3465}