{"stats":{"minecraft:dropped":{"minecraft:coal_block":1},"minecraft:picked_up":{"minecraft:tipped_arrow":1,"minecraft:tripwire_hook":1,"minecraft:potion":1,"minecraft:mushroom_stew":2,"minecraft:cake":1,"minecraft:oak_log":5,"tombstone:lollipop":1,"minecraft:arrow":2,"minecraft:bone":11,"terramity:electronic_scrap":1,"minecraft:iron_ingot":4,"terramity:leap_ring_plus":1,"minecraft:coal_block":1,"terramity:gold_round":25},"minecraft:killed":{"minecraft:pillager":1,"terramity:simple_turret":1,"minecraft:stray":4,"terramity:elite_skeleton":2},"minecraft:custom":{"minecraft:time_since_rest":62283,"minecraft:sprint_one_cm":81233,"minecraft:damage_taken":10,"minecraft:walk_one_cm":68780,"minecraft:mob_kills":8,"minecraft:drop":1,"tombstone:raider_killed":1,"minecraft:fly_one_cm":260463,"minecraft:open_barrel":7,"minecraft:open_chest":31,"minecraft:crouch_one_cm":1865,"minecraft:deaths":1,"minecraft:play_time":100837,"tombstone:undead_killed":6,"minecraft:sneak_time":659,"minecraft:jump":404,"minecraft:walk_on_water_one_cm":330,"minecraft:time_since_death":64682,"minecraft:climb_one_cm":876,"minecraft:total_world_time":100837,"minecraft:damage_resisted":1895,"minecraft:fall_one_cm":5080},"minecraft:mined":{"minecraft:oak_log":5,"minecraft:oak_leaves":1},"minecraft:used":{"minecraft:calcite":3,"minecraft:shroomlight":2,"minecraft:damaged_anvil":2,"terramity:simple_turret_spawn_egg":6,"minecraft:wither_skeleton_skull":3,"minecraft:armor_stand":1,"minecraft:suspicious_sand":5,"minecraft:stone":1,"minecraft:smooth_quartz_stairs":1,"terramity:elite_skeleton_spawn_egg":1,"minecraft:cobblestone":3,"minecraft:brush":5}},"DataVersion":3465}