{"stats":{"minecraft:custom":{"minecraft:jump":61,"minecraft:time_since_rest":2298,"minecraft:sprint_one_cm":6861,"minecraft:play_time":2298,"minecraft:time_since_death":2298,"minecraft:walk_one_cm":4529,"minecraft:sneak_time":24,"minecraft:total_world_time":2298,"minecraft:drop":4,"minecraft:fall_one_cm":418,"minecraft:fly_one_cm":47664},"minecraft:used":{"minecraft:flint_and_steel":9,"minecraft:tnt":69},"minecraft:picked_up":{"minecraft:coal":1,"minecraft:dirt":24,"minecraft:cobblestone":10},"minecraft:dropped":{"minecraft:cobblestone":10,"minecraft:dirt":8,"minecraft:coal":1}},"DataVersion":3465}