{"stats":{"minecraft:picked_up":{"minecraft:mangrove_propagule":1},"minecraft:mined":{"minecraft:dead_bush":1,"minecraft:mangrove_leaves":2},"minecraft:custom":{"minecraft:jump":62,"minecraft:time_since_rest":4334,"minecraft:walk_on_water_one_cm":1580,"minecraft:sprint_one_cm":5759,"minecraft:leave_game":2,"minecraft:play_time":4334,"minecraft:damage_taken":100,"minecraft:time_since_death":4334,"minecraft:walk_one_cm":1427,"minecraft:sneak_time":20,"minecraft:climb_one_cm":2618,"minecraft:total_world_time":4334,"minecraft:walk_under_water_one_cm":762,"minecraft:swim_one_cm":2873,"minecraft:fall_one_cm":2488,"minecraft:fly_one_cm":9437}},"DataVersion":3465}