{"stats":{"minecraft:picked_up":{"minecraft:tripwire_hook":1,"minecraft:potion":1,"minecraft:mushroom_stew":2,"minecraft:oak_log":5,"minecraft:cake":1,"terramity:leap_ring_plus":1},"minecraft:custom":{"minecraft:open_barrel":5,"minecraft:time_since_rest":16837,"minecraft:open_chest":5,"minecraft:crouch_one_cm":54,"minecraft:play_time":16837,"minecraft:sprint_one_cm":39119,"minecraft:damage_taken":10,"minecraft:walk_one_cm":35189,"minecraft:sneak_time":17,"minecraft:jump":184,"minecraft:time_since_death":16837,"minecraft:walk_on_water_one_cm":330,"minecraft:total_world_time":16837,"minecraft:climb_one_cm":876,"minecraft:fall_one_cm":1798,"minecraft:fly_one_cm":83676},"minecraft:mined":{"minecraft:oak_log":5,"minecraft:oak_leaves":1},"minecraft:used":{"minecraft:smooth_quartz_stairs":1,"minecraft:damaged_anvil":2,"minecraft:armor_stand":1,"minecraft:suspicious_sand":5,"minecraft:brush":5,"minecraft:shroomlight":2,"minecraft:calcite":3}},"DataVersion":3465}