{"stats":{"minecraft:dropped":{"minecraft:iron_sword":2,"minecraft:wheat_seeds":1,"minecraft:diamond":1,"minecraft:crossbow":1,"minecraft:tall_grass":1,"minecraft:cobblestone":276,"minecraft:rotten_flesh":5,"minecraft:grass_block":3,"minecraft:coal":13,"minecraft:flint":1,"minecraft:dirt":72,"minecraft:stone":1,"minecraft:mutton":6,"biomesoplenty:barley":1,"minecraft:arrow":3,"minecraft:magenta_wool":1,"minecraft:white_wool":3,"minecraft:dandelion":1,"minecraft:bone":2,"minecraft:firework_rocket":64},"minecraft:used":{"minecraft:water_bucket":4,"mowziesmobs:umvuthana_spawn_egg":1,"farmersdelight:skillet":1,"minecraft:flint_and_steel":61,"twilightforest:ice_bow":2,"immersive_aircraft:airship":2,"bosses_of_mass_destruction:crystal_fruit":1,"farmersdelight:stove":1,"minecraft:iron_sword":1,"minecraft:zombie_spawn_egg":22,"securitycraft:security_camera":1,"immersive_aircraft:warship":1,"securitycraft:claymore":2,"alexsmobs:spawn_egg_laviathan":1,"mowziesmobs:umvuthana_crane_spawn_egg":1,"mowziesmobs:foliaath_spawn_egg":22,"mowziesmobs:naga_spawn_egg":1,"securitycraft:cobblestone_mine":2,"storagedrawers:framing_table":1,"mowziesmobs:frostmaw_spawn_egg":1,"minecraft:tnt":401,"mowziesmobs:lantern_spawn_egg":1,"mowziesmobs:wroughtnaut_spawn_egg":1,"mowziesmobs:grottol_spawn_egg":1,"minecraft:crossbow":5,"alexsmobs:spawn_egg_maned_wolf":1,"artifacts:mimic_spawn_egg":1,"minecraft:creeper_spawn_egg":2,"securitycraft:camera_monitor":1,"minecraft:firework_rocket":1,"minecraft:coal_ore":1,"simplyswords:diamond_scythe":21,"alexsmobs:spawn_egg_cosmaw":1,"twilightforest:triple_bow":4,"mowziesmobs:umvuthi_spawn_egg":3,"securitycraft:mine":1,"twilightforest:moonworm_queen":3,"bosses_of_mass_destruction:charged_ender_pearl":1,"immersive_aircraft:gyrodyne":1,"immersive_aircraft:biplane":2,"minecraft:dandelion":11},"minecraft:custom":{"minecraft:mob_kills":23,"minecraft:leave_game":4,"minecraft:time_since_death":58739,"twilightforest:bugs_squished":1,"minecraft:time_since_rest":58739,"minecraft:sprint_one_cm":80410,"minecraft:walk_one_cm":72020,"minecraft:drop":40,"minecraft:damage_dealt":1689,"minecraft:fly_one_cm":690560,"minecraft:open_chest":2,"minecraft:crouch_one_cm":1768,"minecraft:play_time":58739,"tombstone:undead_killed":2,"minecraft:sneak_time":1233,"minecraft:jump":704,"minecraft:walk_on_water_one_cm":157,"minecraft:total_world_time":58739,"minecraft:fall_one_cm":418},"minecraft:killed":{"twilightforest:deer":1,"minecraft:spider":1,"minecraft:creeper":5,"minecraft:sheep":5,"minecraft:skeleton":5,"minecraft:donkey":1,"minecraft:zombie":2},"minecraft:picked_up":{"minecraft:pink_petals":28,"minecraft:feather":4,"minecraft:leather":1,"minecraft:flint":1,"minecraft:dirt":75,"twilightforest:raw_venison":3,"minecraft:bone":2,"minecraft:magenta_wool":1,"minecraft:wheat_seeds":4,"immersive_aircraft:airship":1,"minecraft:iron_sword":1,"minecraft:dandelion":2,"minecraft:grass_block":1,"minecraft:arrow":3,"minecraft:rotten_flesh":7,"minecraft:painting":8,"alexsmobs:maggot":2,"minecraft:cobblestone":299,"minecraft:mutton":8,"minecraft:coal":13,"minecraft:white_wool":3,"minecraft:oxeye_daisy":1}},"DataVersion":3465}