{"stats":{"minecraft:dropped":{"minecraft:oak_leaves":1,"minecraft:coal_block":1},"minecraft:picked_up":{"minecraft:tipped_arrow":1,"minecraft:tripwire_hook":1,"minecraft:potion":1,"minecraft:mushroom_stew":2,"minecraft:cake":1,"minecraft:oak_log":5,"tombstone:lollipop":1,"minecraft:arrow":2,"minecraft:bone":11,"terramity:electronic_scrap":1,"minecraft:iron_ingot":4,"terramity:leap_ring_plus":1,"minecraft:coal_block":1,"terramity:gold_round":25},"minecraft:killed":{"minecraft:pillager":1,"terramity:simple_turret":1,"minecraft:stray":4,"terramity:elite_skeleton":2},"minecraft:custom":{"minecraft:time_since_rest":213646,"minecraft:sprint_one_cm":116546,"minecraft:damage_taken":10,"minecraft:walk_one_cm":78096,"minecraft:mob_kills":8,"minecraft:drop":2,"tombstone:raider_killed":1,"minecraft:damage_dealt":10,"minecraft:fly_one_cm":825066,"minecraft:open_barrel":7,"minecraft:open_chest":38,"minecraft:crouch_one_cm":2347,"minecraft:play_time":252200,"tombstone:undead_killed":6,"minecraft:deaths":1,"minecraft:sneak_time":867,"minecraft:jump":678,"minecraft:leave_game":3,"minecraft:walk_on_water_one_cm":1234,"minecraft:time_since_death":216045,"minecraft:climb_one_cm":1909,"minecraft:total_world_time":252200,"minecraft:damage_resisted":1895,"minecraft:fall_one_cm":5080},"minecraft:mined":{"minecraft:oak_log":5,"minecraft:oak_leaves":1},"minecraft:used":{"minecraft:calcite":3,"minecraft:shroomlight":2,"minecraft:damaged_anvil":2,"terramity:simple_turret_spawn_egg":6,"minecraft:wither_skeleton_skull":3,"minecraft:armor_stand":1,"minecraft:suspicious_sand":5,"minecraft:chest":5,"minecraft:stone":1,"terramity:elite_skeleton_spawn_egg":1,"minecraft:smooth_quartz_stairs":1,"minecraft:cobblestone":3,"securitycraft:dirt_mine":4,"securitycraft:furnace_mine":1,"minecraft:brush":5,"artifacts:mimic_spawn_egg":2}},"DataVersion":3465}