{"stats":{"minecraft:dropped":{"minecraft:iron_ingot":1,"tombstone:grave_dust":1,"terramity:gold_round":4,"minecraft:oak_leaves":2,"minecraft:coal_block":1},"minecraft:picked_up":{"minecraft:tipped_arrow":1,"minecraft:tripwire_hook":1,"minecraft:potion":1,"minecraft:mushroom_stew":2,"minecraft:cake":1,"minecraft:oak_log":5,"minecraft:dirt":2,"tombstone:lollipop":1,"minecraft:arrow":2,"minecraft:bone":11,"terramity:electronic_scrap":1,"minecraft:iron_ingot":5,"terramity:leap_ring_plus":1,"minecraft:sugar_cane":2,"minecraft:coal_block":1,"terramity:gold_round":29},"minecraft:killed":{"minecraft:pillager":1,"terramity:simple_turret":1,"minecraft:stray":4,"terramity:elite_skeleton":2},"minecraft:custom":{"minecraft:time_since_rest":145060,"minecraft:sprint_one_cm":117758,"minecraft:damage_taken":10,"minecraft:walk_one_cm":80034,"minecraft:mob_kills":8,"minecraft:drop":6,"tombstone:raider_killed":1,"minecraft:damage_dealt":36,"minecraft:swim_one_cm":3006,"minecraft:fly_one_cm":832495,"minecraft:open_barrel":7,"minecraft:open_chest":38,"minecraft:play_time":397754,"minecraft:crouch_one_cm":3035,"tombstone:undead_killed":6,"minecraft:deaths":1,"minecraft:sneak_time":1083,"minecraft:walk_under_water_one_cm":1173,"minecraft:jump":710,"minecraft:leave_game":4,"minecraft:time_since_death":361599,"minecraft:walk_on_water_one_cm":2155,"minecraft:climb_one_cm":1909,"minecraft:total_world_time":397754,"minecraft:damage_resisted":1895,"minecraft:fall_one_cm":5765},"minecraft:mined":{"minecraft:grass_block":2,"minecraft:oak_log":5,"minecraft:dirt":1,"minecraft:sugar_cane":1,"minecraft:oak_leaves":1},"minecraft:used":{"minecraft:calcite":3,"minecraft:shroomlight":2,"minecraft:damaged_anvil":2,"terramity:simple_turret_spawn_egg":6,"minecraft:wither_skeleton_skull":3,"minecraft:armor_stand":1,"minecraft:suspicious_sand":5,"minecraft:chest":5,"minecraft:stone":1,"minecraft:sugar_cane":2,"terramity:elite_skeleton_spawn_egg":1,"minecraft:smooth_quartz_stairs":1,"minecraft:dirt":4,"minecraft:cobblestone":3,"securitycraft:dirt_mine":4,"tombstone:gift":2,"securitycraft:furnace_mine":1,"minecraft:brush":5,"artifacts:mimic_spawn_egg":2}},"DataVersion":3465}