{"stats":{"minecraft:dropped":{"minecraft:iron_sword":2,"minecraft:dirt":72,"minecraft:stone":1,"minecraft:wheat_seeds":1,"minecraft:diamond":1,"minecraft:mutton":6,"minecraft:crossbow":1,"minecraft:tall_grass":1,"biomesoplenty:barley":1,"minecraft:cobblestone":276,"minecraft:rotten_flesh":5,"minecraft:arrow":3,"minecraft:white_wool":3,"minecraft:grass_block":3,"minecraft:coal":13,"minecraft:firework_rocket":64,"minecraft:dandelion":1,"minecraft:bone":2,"minecraft:flint":1},"minecraft:used":{"minecraft:creeper_spawn_egg":2,"minecraft:water_bucket":4,"securitycraft:camera_monitor":1,"mowziesmobs:umvuthana_spawn_egg":1,"minecraft:firework_rocket":1,"minecraft:coal_ore":1,"simplyswords:diamond_scythe":21,"minecraft:flint_and_steel":61,"twilightforest:ice_bow":2,"bosses_of_mass_destruction:crystal_fruit":1,"minecraft:iron_sword":1,"minecraft:zombie_spawn_egg":15,"securitycraft:security_camera":1,"immersive_aircraft:warship":1,"twilightforest:triple_bow":2,"mowziesmobs:umvuthi_spawn_egg":2,"securitycraft:claymore":2,"securitycraft:mine":1,"mowziesmobs:umvuthana_crane_spawn_egg":1,"mowziesmobs:naga_spawn_egg":1,"mowziesmobs:foliaath_spawn_egg":22,"securitycraft:cobblestone_mine":2,"twilightforest:moonworm_queen":3,"mowziesmobs:wroughtnaut_spawn_egg":1,"minecraft:tnt":401,"mowziesmobs:frostmaw_spawn_egg":1,"mowziesmobs:lantern_spawn_egg":1,"storagedrawers:framing_table":1,"bosses_of_mass_destruction:charged_ender_pearl":1,"mowziesmobs:grottol_spawn_egg":1,"minecraft:crossbow":5,"artifacts:mimic_spawn_egg":1,"minecraft:dandelion":11},"minecraft:custom":{"minecraft:time_since_rest":46739,"minecraft:sprint_one_cm":77830,"minecraft:walk_one_cm":60814,"minecraft:mob_kills":23,"minecraft:drop":39,"minecraft:damage_dealt":1689,"minecraft:fly_one_cm":687076,"minecraft:crouch_one_cm":1461,"minecraft:play_time":46739,"tombstone:undead_killed":2,"minecraft:sneak_time":599,"minecraft:jump":670,"minecraft:leave_game":4,"minecraft:time_since_death":46739,"minecraft:total_world_time":46739,"minecraft:fall_one_cm":418},"minecraft:picked_up":{"minecraft:pink_petals":28,"minecraft:feather":4,"minecraft:leather":1,"minecraft:dandelion":2,"minecraft:flint":1,"minecraft:grass_block":1,"minecraft:dirt":75,"twilightforest:raw_venison":3,"minecraft:bone":2,"minecraft:arrow":3,"minecraft:rotten_flesh":7,"minecraft:wheat_seeds":4,"minecraft:oxeye_daisy":1,"alexsmobs:maggot":2,"minecraft:mutton":6,"minecraft:iron_sword":1,"minecraft:coal":13,"minecraft:white_wool":3,"minecraft:cobblestone":299},"minecraft:killed":{"minecraft:sheep":5,"minecraft:skeleton":5,"twilightforest:deer":1,"minecraft:donkey":1,"minecraft:zombie":2,"minecraft:spider":1,"minecraft:creeper":5}},"DataVersion":3465}