{"stats":{"minecraft:custom":{"minecraft:time_since_rest":14298,"minecraft:crouch_one_cm":331,"minecraft:play_time":14298,"minecraft:sprint_one_cm":23563,"minecraft:walk_one_cm":24563,"minecraft:sneak_time":179,"minecraft:mob_kills":9,"minecraft:drop":19,"minecraft:jump":250,"minecraft:time_since_death":14298,"minecraft:total_world_time":14298,"minecraft:fall_one_cm":418,"minecraft:fly_one_cm":157561},"minecraft:used":{"minecraft:flint_and_steel":60,"minecraft:tnt":401},"minecraft:picked_up":{"minecraft:wheat_seeds":1,"minecraft:flint":1,"minecraft:coal":13,"minecraft:dirt":40,"minecraft:cobblestone":299},"minecraft:killed":{"minecraft:skeleton":3,"minecraft:spider":1,"minecraft:zombie":1,"minecraft:creeper":4},"minecraft:dropped":{"minecraft:tall_grass":1,"minecraft:cobblestone":276,"minecraft:dirt":40,"minecraft:stone":1,"minecraft:wheat_seeds":1,"minecraft:grass_block":2,"minecraft:coal":13,"minecraft:flint":1}},"DataVersion":3465}