{"stats":{"minecraft:dropped":{"minecraft:dirt":72,"minecraft:iron_sword":2,"minecraft:stone":1,"minecraft:wheat_seeds":1,"minecraft:diamond":1,"minecraft:mutton":6,"minecraft:crossbow":1,"minecraft:tall_grass":1,"biomesoplenty:barley":1,"minecraft:cobblestone":276,"minecraft:rotten_flesh":5,"minecraft:arrow":3,"minecraft:white_wool":3,"minecraft:grass_block":3,"minecraft:coal":13,"minecraft:bone":2,"minecraft:dandelion":1,"minecraft:firework_rocket":64,"minecraft:flint":1},"minecraft:used":{"minecraft:creeper_spawn_egg":2,"minecraft:water_bucket":4,"securitycraft:camera_monitor":1,"mowziesmobs:umvuthana_spawn_egg":1,"minecraft:firework_rocket":1,"minecraft:coal_ore":1,"simplyswords:diamond_scythe":21,"minecraft:flint_and_steel":61,"minecraft:iron_sword":1,"minecraft:zombie_spawn_egg":15,"securitycraft:security_camera":1,"mowziesmobs:umvuthi_spawn_egg":2,"securitycraft:claymore":2,"mowziesmobs:foliaath_spawn_egg":22,"mowziesmobs:umvuthana_crane_spawn_egg":1,"securitycraft:mine":1,"mowziesmobs:naga_spawn_egg":1,"securitycraft:cobblestone_mine":2,"mowziesmobs:wroughtnaut_spawn_egg":1,"mowziesmobs:frostmaw_spawn_egg":1,"minecraft:tnt":401,"mowziesmobs:lantern_spawn_egg":1,"storagedrawers:framing_table":1,"mowziesmobs:grottol_spawn_egg":1,"minecraft:crossbow":5,"minecraft:dandelion":11},"minecraft:custom":{"minecraft:time_since_rest":38908,"minecraft:sprint_one_cm":65632,"minecraft:walk_one_cm":51962,"minecraft:mob_kills":19,"minecraft:drop":39,"minecraft:damage_dealt":1669,"minecraft:fly_one_cm":672725,"minecraft:crouch_one_cm":1308,"minecraft:play_time":38908,"tombstone:undead_killed":2,"minecraft:sneak_time":488,"minecraft:jump":578,"minecraft:leave_game":4,"minecraft:time_since_death":38908,"minecraft:total_world_time":38908,"minecraft:fall_one_cm":418},"minecraft:killed":{"minecraft:sheep":5,"minecraft:skeleton":5,"minecraft:donkey":1,"minecraft:zombie":2,"minecraft:spider":1,"minecraft:creeper":5},"minecraft:picked_up":{"minecraft:pink_petals":28,"minecraft:feather":4,"minecraft:dandelion":2,"minecraft:flint":1,"minecraft:grass_block":1,"minecraft:dirt":75,"minecraft:arrow":3,"minecraft:bone":2,"minecraft:rotten_flesh":7,"minecraft:wheat_seeds":3,"alexsmobs:maggot":2,"minecraft:coal":13,"minecraft:mutton":6,"minecraft:iron_sword":1,"minecraft:white_wool":3,"minecraft:cobblestone":299}},"DataVersion":3465}