{"stats":{"minecraft:crafted":{"minecraft:oak_planks":64,"minecraft:crafting_table":1,"minecraft:stick":8,"minecraft:dried_kelp":40,"minecraft:wooden_pickaxe":1,"minecraft:stone_pickaxe":1,"minecraft:stone_sword":1,"minecraft:chest":2,"minecraft:furnace":1,"minecraft:birch_door":3,"minecraft:dried_kelp_block":3,"minecraft:birch_planks":52,"minecraft:stone_axe":1,"minecraft:air":0},"minecraft:picked_up":{"minecraft:birch_log":53,"minecraft:stick":19,"minecraft:crafting_table":1,"minecraft:andesite":3,"minecraft:oak_log":47,"minecraft:carrot":10,"minecraft:dirt":37,"minecraft:apple":2,"minecraft:bone":2,"minecraft:rotten_flesh":2,"minecraft:kelp":40,"minecraft:bow":1,"minecraft:wheat_seeds":6,"minecraft:oak_sapling":15,"minecraft:birch_sapling":9,"alexsmobs:flying_fish":2,"minecraft:cobblestone":89},"minecraft:dropped":{"minecraft:wheat_seeds":4},"minecraft:mined":{"minecraft:kelp_plant":6,"minecraft:birch_log":53,"farmersdelight:wild_carrots":10,"minecraft:andesite":3,"minecraft:birch_leaves":2,"minecraft:crafting_table":1,"minecraft:grass":2,"minecraft:grass_block":3,"minecraft:oak_log":47,"minecraft:dirt":15,"minecraft:stone":89,"minecraft:kelp":2,"minecraft:oak_leaves":15},"minecraft:custom":{"minecraft:time_since_rest":26830,"minecraft:interact_with_furnace":8,"minecraft:sprint_one_cm":96796,"minecraft:damage_taken":315,"minecraft:walk_one_cm":36488,"minecraft:mob_kills":4,"minecraft:drop":3,"tombstone:raider_killed":1,"minecraft:damage_dealt":699,"minecraft:swim_one_cm":10126,"minecraft:interact_with_crafting_table":8,"minecraft:fly_one_cm":97366,"minecraft:open_chest":26,"minecraft:crouch_one_cm":4791,"minecraft:play_time":26830,"tombstone:undead_killed":2,"minecraft:sneak_time":2003,"minecraft:walk_under_water_one_cm":2682,"minecraft:jump":568,"minecraft:walk_on_water_one_cm":1966,"minecraft:time_since_death":26830,"minecraft:total_world_time":26830,"minecraft:fall_one_cm":12894},"minecraft:killed":{"minecraft:skeleton":1,"minecraft:pillager":1,"minecraft:drowned":1,"alexsmobs:flying_fish":1},"minecraft:used":{"minecraft:birch_door":1,"minecraft:oak_log":1,"alexsmobs:flying_fish":2,"minecraft:apple":2,"minecraft:stone_sword":15,"minecraft:birch_sapling":8,"minecraft:stone_pickaxe":87,"minecraft:chest":2,"minecraft:wooden_pickaxe":7,"minecraft:stone_axe":89,"minecraft:dirt":1,"minecraft:crafting_table":2,"minecraft:oak_sapling":7,"minecraft:furnace":1,"minecraft:carrot":10}},"DataVersion":3465}