{"stats":{"minecraft:crafted":{"minecraft:oak_planks":64,"minecraft:cooked_porkchop":1,"minecraft:crafting_table":2,"minecraft:dried_kelp":47,"minecraft:wooden_pickaxe":1,"immersive_armors:wooden_leggings":2,"minecraft:furnace":1,"minecraft:birch_planks":52,"minecraft:stone_axe":2,"minecraft:air":0,"immersive_armors:wooden_chestplate":2,"immersive_armors:wooden_boots":2,"minecraft:charcoal":20,"minecraft:stick":8,"minecraft:stone_pickaxe":3,"minecraft:stone_sword":1,"minecraft:chest":4,"minecraft:birch_door":3,"immersive_armors:wooden_helmet":2,"minecraft:dried_kelp_block":3,"minecraft:torch":24},"minecraft:picked_up":{"minecraft:birch_log":58,"minecraft:crafting_table":2,"minecraft:andesite":17,"terramity:fairy_dust":1,"minecraft:oak_log":101,"minecraft:dirt":53,"minecraft:bone":3,"minecraft:apple":3,"minecraft:kelp":167,"minecraft:bow":1,"minecraft:wheat_seeds":7,"minecraft:bamboo":72,"minecraft:birch_sapling":10,"minecraft:furnace":1,"minecraft:stick":26,"minecraft:pumpkin":9,"minecraft:torch":3,"minecraft:porkchop":1,"minecraft:carrot":10,"minecraft:arrow":1,"minecraft:rotten_flesh":2,"minecraft:granite":10,"minecraft:oak_sapling":21,"minecraft:damaged_anvil":2,"alexsmobs:flying_fish":2,"minecraft:cobblestone":152},"minecraft:dropped":{"minecraft:wheat_seeds":5,"minecraft:torch":1,"minecraft:oak_sapling":2,"minecraft:bamboo":8},"minecraft:mined":{"minecraft:kelp_plant":24,"farmersdelight:wild_carrots":10,"minecraft:crafting_table":2,"minecraft:granite":10,"minecraft:grass_block":6,"minecraft:tall_grass":1,"minecraft:damaged_anvil":2,"minecraft:kelp":13,"minecraft:wall_torch":2,"minecraft:furnace":1,"minecraft:birch_log":58,"minecraft:birch_leaves":2,"minecraft:andesite":17,"minecraft:pumpkin":9,"minecraft:grass":5,"minecraft:oak_log":101,"minecraft:dirt":28,"minecraft:bamboo":5,"minecraft:stone":153,"minecraft:oak_leaves":57},"minecraft:custom":{"minecraft:interact_with_furnace":21,"minecraft:mob_kills":10,"tombstone:raider_killed":2,"minecraft:interact_with_crafting_table":16,"minecraft:time_since_death":56830,"minecraft:time_since_rest":56830,"minecraft:sprint_one_cm":174622,"minecraft:damage_taken":535,"minecraft:walk_one_cm":106392,"minecraft:drop":7,"minecraft:damage_dealt":1827,"minecraft:swim_one_cm":10126,"minecraft:fly_one_cm":198718,"minecraft:open_chest":54,"minecraft:crouch_one_cm":7111,"minecraft:play_time":56830,"tombstone:undead_killed":5,"minecraft:sneak_time":3452,"minecraft:walk_under_water_one_cm":20997,"minecraft:jump":1065,"minecraft:walk_on_water_one_cm":9322,"minecraft:total_world_time":56830,"minecraft:fall_one_cm":22980},"minecraft:killed":{"terramity:pink_fairy":1,"minecraft:pig":1,"minecraft:skeleton":3,"minecraft:pillager":2,"minecraft:zombie":1,"minecraft:drowned":1,"alexsmobs:flying_fish":1},"minecraft:broken":{"minecraft:stone_pickaxe":1,"minecraft:stone_axe":1},"minecraft:used":{"minecraft:stone_sword":31,"minecraft:stone_pickaxe":179,"minecraft:dried_kelp":20,"minecraft:chest":4,"minecraft:wooden_pickaxe":7,"minecraft:torch":19,"minecraft:dirt":33,"minecraft:crafting_table":3,"minecraft:carrot":16,"minecraft:birch_door":2,"minecraft:oak_log":6,"alexsmobs:flying_fish":2,"minecraft:apple":3,"minecraft:birch_sapling":9,"minecraft:stone_axe":152,"minecraft:furnace":2,"minecraft:oak_sapling":7,"minecraft:cooked_porkchop":1}},"DataVersion":3465}