{"stats":{"minecraft:crafted":{"minecraft:crafting_table":1,"minecraft:stick":8,"minecraft:wooden_pickaxe":1,"minecraft:stone_pickaxe":1,"minecraft:stone_sword":1,"minecraft:chest":2,"minecraft:furnace":1,"minecraft:birch_door":3,"minecraft:birch_planks":52},"minecraft:picked_up":{"minecraft:birch_log":13,"minecraft:crafting_table":1,"minecraft:andesite":3,"minecraft:carrot":10,"minecraft:dirt":37,"minecraft:bone":2,"minecraft:bow":1,"minecraft:wheat_seeds":6,"minecraft:cobblestone":89},"minecraft:dropped":{"minecraft:wheat_seeds":4},"minecraft:mined":{"minecraft:birch_log":13,"farmersdelight:wild_carrots":10,"minecraft:andesite":3,"minecraft:birch_leaves":2,"minecraft:crafting_table":1,"minecraft:grass":2,"minecraft:grass_block":3,"minecraft:dirt":15,"minecraft:stone":89},"minecraft:custom":{"minecraft:time_since_rest":14830,"minecraft:interact_with_furnace":1,"minecraft:sprint_one_cm":35513,"minecraft:damage_taken":200,"minecraft:walk_one_cm":21036,"minecraft:mob_kills":2,"minecraft:drop":3,"tombstone:raider_killed":1,"minecraft:damage_dealt":440,"minecraft:interact_with_crafting_table":6,"minecraft:fly_one_cm":33123,"minecraft:open_chest":13,"minecraft:crouch_one_cm":4400,"minecraft:play_time":14830,"tombstone:undead_killed":1,"minecraft:sneak_time":1808,"minecraft:jump":262,"minecraft:time_since_death":14830,"minecraft:total_world_time":14830,"minecraft:fall_one_cm":5246},"minecraft:killed":{"minecraft:skeleton":1,"minecraft:pillager":1},"minecraft:used":{"minecraft:birch_door":1,"minecraft:stone_sword":8,"minecraft:stone_pickaxe":87,"minecraft:chest":2,"minecraft:wooden_pickaxe":7,"minecraft:dirt":1,"minecraft:crafting_table":2,"minecraft:furnace":1,"minecraft:carrot":10}},"DataVersion":3465}