{"stats":{"minecraft:mined":{"minecraft:lily_of_the_valley":5,"farmersdelight:wild_carrots":8,"minecraft:mangrove_roots":1,"minecraft:crafting_table":5,"minecraft:allium":2,"minecraft:grass_block":12,"minecraft:dead_bush":1,"minecraft:sugar_cane":1,"minecraft:wall_torch":2,"farmersdelight:wild_onions":7,"minecraft:furnace":3,"minecraft:birch_log":27,"minecraft:iron_ore":47,"minecraft:lilac":1,"minecraft:pumpkin":7,"minecraft:mangrove_leaves":13,"minecraft:grass":13,"minecraft:oak_log":9,"minecraft:coal_ore":113,"minecraft:vine":3,"minecraft:gravel":1,"minecraft:dirt":19,"minecraft:mangrove_log":5,"minecraft:stone":72},"minecraft:killed_by":{"minecraft:zombie":1},"minecraft:used":{"minecraft:stone_sword":13,"minecraft:iron_shovel":12,"minecraft:stone_pickaxe":40,"minecraft:wooden_pickaxe":20,"minecraft:torch":9,"minecraft:dirt":17,"minecraft:crafting_table":5,"simplyswords:iron_halberd":4,"minecraft:iron_pickaxe":175,"minecraft:lilac":1,"minecraft:stone_axe":52,"minecraft:wooden_sword":19,"minecraft:cobblestone":6,"minecraft:furnace":3,"minecraft:cooked_beef":5},"minecraft:custom":{"minecraft:interact_with_furnace":34,"minecraft:mob_kills":16,"minecraft:interact_with_crafting_table":19,"minecraft:leave_game":2,"minecraft:time_since_death":54106,"minecraft:climb_one_cm":1303,"minecraft:time_since_rest":54140,"minecraft:sprint_one_cm":104135,"minecraft:damage_taken":451,"minecraft:walk_one_cm":62302,"minecraft:drop":22,"minecraft:damage_dealt":2337,"minecraft:swim_one_cm":3464,"minecraft:fly_one_cm":137195,"minecraft:crouch_one_cm":5085,"minecraft:play_time":59951,"minecraft:deaths":1,"minecraft:sneak_time":2409,"minecraft:walk_under_water_one_cm":786,"minecraft:jump":862,"minecraft:walk_on_water_one_cm":8608,"minecraft:total_world_time":59951,"minecraft:fall_one_cm":16296},"minecraft:picked_up":{"minecraft:birch_log":26,"minecraft:crafting_table":5,"minecraft:allium":14,"minecraft:feather":2,"minecraft:lilac":1,"minecraft:chicken":1,"minecraft:leather":6,"minecraft:flint":2,"minecraft:oak_log":9,"minecraft:dirt":31,"minecraft:moss_carpet":1,"minecraft:bone":2,"minecraft:beef":18,"minecraft:sugar_cane":3,"minecraft:mangrove_log":5,"minecraft:furnace":3,"minecraft:stick":2,"minecraft:raw_iron":47,"minecraft:pumpkin":7,"minecraft:torch":3,"minecraft:porkchop":3,"minecraft:lily_of_the_valley":4,"minecraft:carrot":7,"minecraft:arrow":2,"minecraft:rotten_flesh":4,"minecraft:stone_axe":1,"farmersdelight:onion":7,"minecraft:mangrove_roots":1,"minecraft:coal":144,"minecraft:cobblestone":73},"minecraft:crafted":{"minecraft:cooked_beef":13,"minecraft:wooden_sword":1,"minecraft:iron_nugget":9,"minecraft:crafting_table":2,"minecraft:wooden_pickaxe":1,"simplyswords:iron_halberd":2,"immersive_armors:wooden_leggings":2,"minecraft:furnace":2,"minecraft:mangrove_planks":20,"minecraft:birch_planks":24,"minecraft:stone_axe":1,"minecraft:air":0,"immersive_armors:wooden_boots":2,"minecraft:iron_chestplate":2,"minecraft:stick":20,"minecraft:iron_ingot":47,"minecraft:iron_pickaxe":2,"minecraft:stone_pickaxe":2,"minecraft:stone_sword":1,"minecraft:iron_shovel":1,"minecraft:torch":8},"minecraft:killed":{"minecraft:pig":1,"minecraft:skeleton":1,"minecraft:zombie":5,"minecraft:chicken":1,"minecraft:cow":8},"minecraft:dropped":{"minecraft:iron_ingot":4,"minecraft:moss_carpet":1,"minecraft:stone_axe":1,"minecraft:mangrove_roots":1,"minecraft:cooked_beef":2,"minecraft:oak_log":3,"minecraft:stone_sword":1,"immersive_armors:wooden_boots":1,"minecraft:rotten_flesh":4,"simplyswords:iron_halberd":1,"minecraft:dirt":1,"minecraft:allium":6,"immersive_armors:wooden_leggings":1,"minecraft:iron_chestplate":1,"minecraft:wooden_sword":1,"minecraft:stone_pickaxe":2}},"DataVersion":3465}