{"stats":{"minecraft:picked_up":{"minecraft:dirt":1,"minecraft:birch_log":11},"minecraft:mined":{"minecraft:birch_log":11,"minecraft:grass_block":1,"minecraft:birch_leaves":2},"minecraft:custom":{"minecraft:jump":26,"minecraft:time_since_rest":2830,"minecraft:crouch_one_cm":25,"minecraft:sprint_one_cm":5005,"minecraft:play_time":2830,"minecraft:time_since_death":2830,"minecraft:walk_one_cm":1811,"minecraft:sneak_time":7,"minecraft:total_world_time":2830,"minecraft:fall_one_cm":685,"minecraft:fly_one_cm":6104},"minecraft:used":{"minecraft:dirt":1}},"DataVersion":3465}