{"stats":{"minecraft:crafted":{"minecraft:wooden_sword":1,"minecraft:iron_nugget":9,"minecraft:furnace":2,"minecraft:glass":13,"minecraft:stone_pickaxe":2,"minecraft:chest":2,"minecraft:cooked_beef":13,"minecraft:crafting_table":3,"minecraft:spruce_planks":4,"minecraft:wooden_pickaxe":1,"simplyswords:iron_halberd":2,"immersive_armors:wooden_leggings":2,"minecraft:mangrove_planks":20,"minecraft:birch_planks":88,"minecraft:stone_axe":2,"minecraft:air":0,"immersive_armors:wooden_boots":2,"minecraft:iron_chestplate":2,"minecraft:stick":56,"minecraft:iron_ingot":47,"minecraft:iron_pickaxe":2,"minecraft:stone_sword":1,"minecraft:iron_shovel":1,"minecraft:white_bed":1,"minecraft:torch":132},"minecraft:dropped":{"minecraft:iron_ingot":4,"minecraft:cooked_beef":2,"minecraft:oak_log":3,"simplyswords:iron_halberd":1,"minecraft:stick":1,"minecraft:dirt":1,"immersive_armors:wooden_leggings":1,"minecraft:wooden_sword":1,"minecraft:stone_axe":1,"minecraft:moss_carpet":1,"minecraft:sweet_berries":16,"minecraft:mangrove_roots":1,"minecraft:stone_sword":1,"immersive_armors:wooden_boots":1,"minecraft:rotten_flesh":4,"minecraft:spruce_fence":3,"minecraft:carrot":5,"supplementaries:ash":12,"minecraft:allium":6,"minecraft:iron_chestplate":1,"minecraft:stone_pickaxe":2},"minecraft:killed":{"minecraft:witch":1,"minecraft:phantom":1,"minecraft:skeleton":2,"minecraft:chicken":1,"minecraft:pig":2,"majruszsdifficulty:cursed_armor":1,"minecraft:creeper":1,"minecraft:sheep":8,"minecraft:zombie":5,"minecraft:cow":8},"minecraft:mined":{"minecraft:spruce_planks":16,"minecraft:mossy_cobblestone":3,"farmersdelight:wild_carrots":20,"minecraft:mangrove_roots":1,"minecraft:spruce_trapdoor":4,"minecraft:allium":2,"minecraft:grass_block":12,"minecraft:spruce_fence":3,"minecraft:sandstone":1,"farmersdelight:wild_onions":7,"minecraft:furnace":4,"minecraft:iron_ore":47,"minecraft:fire":26,"minecraft:pumpkin":20,"minecraft:bell":1,"minecraft:vine":3,"minecraft:stone":160,"minecraft:lily_of_the_valley":5,"minecraft:spruce_door":2,"minecraft:crafting_table":5,"minecraft:dead_bush":1,"minecraft:campfire":1,"minecraft:tall_grass":7,"minecraft:cobblestone":11,"minecraft:sugar_cane":1,"minecraft:wall_torch":13,"minecraft:spruce_stairs":1,"minecraft:birch_log":39,"minecraft:sweet_berry_bush":12,"minecraft:lilac":1,"minecraft:spruce_log":53,"minecraft:birch_leaves":1,"minecraft:mangrove_leaves":13,"minecraft:grass":48,"minecraft:coal_ore":113,"minecraft:oak_log":9,"minecraft:sand":92,"minecraft:gravel":1,"minecraft:dirt":20,"minecraft:mangrove_log":5,"minecraft:netherrack":1,"minecraft:fern":4},"minecraft:picked_up":{"minecraft:charcoal":2,"minecraft:crafting_table":5,"minecraft:allium":14,"minecraft:chicken":1,"minecraft:enchanted_book":1,"minecraft:moss_carpet":1,"artifacts:power_glove":1,"minecraft:spruce_planks":3,"minecraft:beef":18,"minecraft:sugar_cane":3,"minecraft:furnace":4,"minecraft:spruce_trapdoor":4,"minecraft:mangrove_log":5,"minecraft:egg":2,"minecraft:sandstone":1,"minecraft:raw_iron":47,"minecraft:stick":3,"minecraft:torch":16,"minecraft:spruce_stairs":1,"minecraft:spruce_fence":5,"minecraft:porkchop":5,"minecraft:carrot":19,"minecraft:arrow":2,"minecraft:rotten_flesh":4,"farmersdelight:onion":7,"minecraft:mangrove_roots":1,"supplementaries:ash":12,"minecraft:mutton":13,"minecraft:white_wool":7,"minecraft:cobblestone":168,"minecraft:birch_log":38,"minecraft:feather":2,"minecraft:lilac":1,"minecraft:leather":6,"minecraft:flint":2,"minecraft:oak_log":9,"minecraft:golden_boots":1,"minecraft:gunpowder":2,"minecraft:dirt":32,"minecraft:bone":2,"minecraft:wheat_seeds":2,"minecraft:bell":1,"minecraft:glowstone_dust":2,"minecraft:pumpkin":20,"minecraft:sweet_berries":38,"minecraft:sand":101,"minecraft:spruce_log":52,"minecraft:lily_of_the_valley":4,"minecraft:spider_eye":1,"minecraft:stone_axe":1,"minecraft:black_wool":1,"minecraft:netherrack":1,"minecraft:coal":144},"minecraft:custom":{"minecraft:mob_kills":30,"minecraft:interact_with_crafting_table":25,"minecraft:open_barrel":2,"minecraft:bell_ring":11,"minecraft:damage_dealt_resisted":604,"minecraft:leave_game":2,"minecraft:time_since_death":91643,"minecraft:climb_one_cm":2698,"minecraft:sprint_one_cm":214469,"minecraft:walk_one_cm":122655,"minecraft:drop":39,"minecraft:talked_to_villager":5,"minecraft:play_time":97488,"minecraft:deaths":1,"minecraft:sneak_time":8032,"minecraft:walk_under_water_one_cm":786,"minecraft:jump":1637,"minecraft:walk_on_water_one_cm":11072,"minecraft:total_world_time":97488,"minecraft:interact_with_furnace":41,"minecraft:sleep_in_bed":2,"minecraft:time_since_rest":2108,"minecraft:damage_taken":875,"minecraft:damage_dealt":4936,"minecraft:swim_one_cm":3464,"minecraft:fly_one_cm":368163,"minecraft:open_chest":14,"minecraft:crouch_one_cm":31892,"minecraft:fall_one_cm":33171},"minecraft:used":{"minecraft:stone_sword":13,"minecraft:iron_shovel":98,"minecraft:chest":1,"minecraft:bell":1,"minecraft:netherrack":1,"minecraft:torch":81,"minecraft:dirt":22,"minecraft:carrot":2,"minecraft:obsidian":1,"minecraft:glass":13,"minecraft:sweet_berries":6,"minecraft:furnace":6,"minecraft:egg":2,"minecraft:cooked_beef":11,"minecraft:stone_pickaxe":40,"minecraft:wooden_pickaxe":20,"minecraft:crafting_table":7,"simplyswords:iron_halberd":43,"minecraft:white_bed":1,"minecraft:iron_pickaxe":281,"minecraft:spruce_trapdoor":2,"minecraft:lilac":1,"minecraft:stone_axe":157,"minecraft:wooden_sword":19,"minecraft:cobblestone":97},"minecraft:broken":{"minecraft:stone_axe":1,"minecraft:iron_pickaxe":1},"minecraft:killed_by":{"minecraft:zombie":1}},"DataVersion":3465}