{"stats":{"minecraft:crafted":{"minecraft:cooked_beef":13,"minecraft:wooden_sword":1,"minecraft:iron_nugget":9,"minecraft:crafting_table":2,"minecraft:wooden_pickaxe":1,"simplyswords:iron_halberd":2,"immersive_armors:wooden_leggings":2,"minecraft:furnace":2,"minecraft:mangrove_planks":20,"minecraft:birch_planks":88,"minecraft:stone_axe":1,"minecraft:air":0,"immersive_armors:wooden_boots":2,"minecraft:iron_chestplate":2,"minecraft:stick":52,"minecraft:iron_ingot":47,"minecraft:iron_pickaxe":2,"minecraft:stone_pickaxe":2,"minecraft:chest":2,"minecraft:stone_sword":1,"minecraft:white_bed":1,"minecraft:iron_shovel":1,"minecraft:torch":132},"minecraft:dropped":{"minecraft:iron_ingot":4,"minecraft:moss_carpet":1,"minecraft:stone_axe":1,"minecraft:sweet_berries":16,"minecraft:mangrove_roots":1,"minecraft:cooked_beef":2,"minecraft:oak_log":3,"minecraft:stone_sword":1,"immersive_armors:wooden_boots":1,"minecraft:rotten_flesh":4,"simplyswords:iron_halberd":1,"minecraft:spruce_fence":3,"minecraft:carrot":5,"minecraft:stick":1,"minecraft:dirt":1,"supplementaries:ash":12,"minecraft:allium":6,"immersive_armors:wooden_leggings":1,"minecraft:iron_chestplate":1,"minecraft:wooden_sword":1,"minecraft:stone_pickaxe":2},"minecraft:mined":{"minecraft:lily_of_the_valley":5,"farmersdelight:wild_carrots":20,"minecraft:mangrove_roots":1,"minecraft:crafting_table":5,"minecraft:spruce_trapdoor":1,"minecraft:allium":2,"minecraft:grass_block":12,"minecraft:spruce_fence":3,"minecraft:dead_bush":1,"minecraft:cobblestone":7,"minecraft:tall_grass":3,"minecraft:sugar_cane":1,"minecraft:wall_torch":4,"minecraft:spruce_stairs":1,"farmersdelight:wild_onions":7,"minecraft:furnace":4,"minecraft:sweet_berry_bush":12,"minecraft:birch_log":39,"minecraft:iron_ore":47,"minecraft:fire":26,"minecraft:lilac":1,"minecraft:birch_leaves":1,"minecraft:pumpkin":13,"minecraft:bell":1,"minecraft:mangrove_leaves":13,"minecraft:grass":35,"minecraft:oak_log":9,"minecraft:coal_ore":113,"minecraft:vine":3,"minecraft:gravel":1,"minecraft:dirt":19,"minecraft:mangrove_log":5,"minecraft:stone":160,"minecraft:netherrack":1,"minecraft:fern":4},"minecraft:killed":{"minecraft:pig":2,"minecraft:witch":1,"majruszsdifficulty:cursed_armor":1,"minecraft:creeper":1,"minecraft:phantom":1,"minecraft:sheep":8,"minecraft:skeleton":1,"minecraft:zombie":5,"minecraft:chicken":1,"minecraft:cow":8},"minecraft:picked_up":{"minecraft:birch_log":38,"minecraft:crafting_table":5,"minecraft:allium":14,"minecraft:feather":2,"minecraft:lilac":1,"minecraft:chicken":1,"minecraft:leather":6,"minecraft:enchanted_book":1,"minecraft:flint":2,"minecraft:oak_log":9,"minecraft:golden_boots":1,"minecraft:gunpowder":2,"minecraft:dirt":31,"minecraft:moss_carpet":1,"artifacts:power_glove":1,"minecraft:bone":2,"minecraft:wheat_seeds":1,"minecraft:bell":1,"minecraft:beef":18,"minecraft:glowstone_dust":2,"minecraft:sugar_cane":3,"minecraft:spruce_trapdoor":1,"minecraft:mangrove_log":5,"minecraft:furnace":4,"minecraft:stick":3,"minecraft:raw_iron":47,"minecraft:pumpkin":13,"minecraft:sweet_berries":38,"minecraft:torch":6,"minecraft:spruce_fence":5,"minecraft:spruce_stairs":1,"minecraft:porkchop":5,"minecraft:lily_of_the_valley":4,"minecraft:carrot":19,"minecraft:spider_eye":1,"minecraft:arrow":2,"minecraft:rotten_flesh":4,"minecraft:stone_axe":1,"farmersdelight:onion":7,"minecraft:mangrove_roots":1,"supplementaries:ash":12,"minecraft:netherrack":1,"minecraft:black_wool":1,"minecraft:mutton":13,"minecraft:coal":144,"minecraft:white_wool":7,"minecraft:cobblestone":168},"minecraft:custom":{"minecraft:interact_with_furnace":36,"minecraft:mob_kills":29,"minecraft:interact_with_crafting_table":23,"minecraft:open_barrel":2,"minecraft:bell_ring":11,"minecraft:damage_dealt_resisted":604,"minecraft:leave_game":2,"minecraft:time_since_death":79643,"minecraft:sleep_in_bed":1,"minecraft:climb_one_cm":2092,"minecraft:time_since_rest":14560,"minecraft:sprint_one_cm":186930,"minecraft:damage_taken":865,"minecraft:walk_one_cm":111488,"minecraft:drop":39,"minecraft:damage_dealt":4736,"minecraft:talked_to_villager":5,"minecraft:swim_one_cm":3464,"minecraft:fly_one_cm":314288,"minecraft:open_chest":13,"minecraft:crouch_one_cm":15798,"minecraft:play_time":85488,"minecraft:deaths":1,"minecraft:sneak_time":4442,"minecraft:walk_under_water_one_cm":786,"minecraft:jump":1448,"minecraft:walk_on_water_one_cm":11072,"minecraft:total_world_time":85488,"minecraft:fall_one_cm":27911},"minecraft:used":{"minecraft:stone_sword":13,"minecraft:iron_shovel":12,"minecraft:stone_pickaxe":40,"minecraft:chest":1,"minecraft:wooden_pickaxe":20,"minecraft:bell":1,"minecraft:netherrack":1,"minecraft:torch":45,"minecraft:dirt":22,"minecraft:crafting_table":6,"simplyswords:iron_halberd":41,"minecraft:white_bed":1,"minecraft:obsidian":1,"minecraft:iron_pickaxe":273,"minecraft:lilac":1,"minecraft:stone_axe":75,"minecraft:wooden_sword":19,"minecraft:cobblestone":71,"minecraft:sweet_berries":6,"minecraft:furnace":6,"minecraft:cooked_beef":10},"minecraft:broken":{"minecraft:iron_pickaxe":1},"minecraft:killed_by":{"minecraft:zombie":1}},"DataVersion":3465}