{"stats":{"minecraft:crafted":{"minecraft:oak_planks":64,"minecraft:crafting_table":1,"minecraft:dried_kelp":40,"minecraft:wooden_pickaxe":1,"minecraft:furnace":1,"minecraft:birch_planks":52,"minecraft:stone_axe":2,"minecraft:air":0,"minecraft:charcoal":20,"minecraft:stick":8,"minecraft:stone_pickaxe":3,"minecraft:stone_sword":1,"minecraft:chest":2,"minecraft:birch_door":3,"minecraft:dried_kelp_block":3,"minecraft:torch":16},"minecraft:picked_up":{"minecraft:birch_log":58,"minecraft:crafting_table":1,"minecraft:andesite":17,"minecraft:oak_log":97,"minecraft:dirt":37,"minecraft:bone":3,"minecraft:apple":3,"minecraft:kelp":40,"minecraft:bow":1,"minecraft:wheat_seeds":6,"minecraft:birch_sapling":10,"minecraft:stick":24,"minecraft:torch":1,"minecraft:carrot":10,"minecraft:arrow":1,"minecraft:rotten_flesh":2,"minecraft:oak_sapling":20,"alexsmobs:flying_fish":2,"minecraft:cobblestone":119},"minecraft:dropped":{"minecraft:wheat_seeds":4,"minecraft:torch":1,"minecraft:oak_sapling":2},"minecraft:mined":{"minecraft:kelp_plant":6,"farmersdelight:wild_carrots":10,"minecraft:crafting_table":1,"minecraft:grass_block":3,"minecraft:kelp":2,"minecraft:birch_log":58,"minecraft:birch_leaves":2,"minecraft:andesite":17,"minecraft:grass":2,"minecraft:oak_log":97,"minecraft:dirt":15,"minecraft:stone":119,"minecraft:oak_leaves":48},"minecraft:custom":{"minecraft:interact_with_furnace":11,"minecraft:mob_kills":5,"tombstone:raider_killed":1,"minecraft:interact_with_crafting_table":11,"minecraft:time_since_death":38830,"minecraft:time_since_rest":38830,"minecraft:sprint_one_cm":123470,"minecraft:damage_taken":430,"minecraft:walk_one_cm":54095,"minecraft:drop":5,"minecraft:damage_dealt":1077,"minecraft:swim_one_cm":10126,"minecraft:fly_one_cm":133686,"minecraft:open_chest":41,"minecraft:crouch_one_cm":6082,"minecraft:play_time":38830,"tombstone:undead_killed":3,"minecraft:sneak_time":2656,"minecraft:walk_under_water_one_cm":2682,"minecraft:jump":765,"minecraft:walk_on_water_one_cm":1966,"minecraft:total_world_time":38830,"minecraft:fall_one_cm":17343},"minecraft:killed":{"minecraft:skeleton":2,"minecraft:pillager":1,"minecraft:drowned":1,"alexsmobs:flying_fish":1},"minecraft:broken":{"minecraft:stone_pickaxe":1,"minecraft:stone_axe":1},"minecraft:used":{"minecraft:stone_sword":15,"minecraft:stone_pickaxe":131,"minecraft:dried_kelp":5,"minecraft:chest":2,"minecraft:wooden_pickaxe":7,"minecraft:torch":16,"minecraft:dirt":1,"minecraft:crafting_table":2,"minecraft:carrot":16,"minecraft:birch_door":1,"minecraft:oak_log":6,"alexsmobs:flying_fish":2,"minecraft:apple":3,"minecraft:birch_sapling":9,"minecraft:stone_axe":152,"minecraft:furnace":1,"minecraft:oak_sapling":7}},"DataVersion":3465}