{"stats":{"minecraft:crafted":{"minecraft:cooked_beef":13,"minecraft:wooden_sword":1,"minecraft:iron_nugget":9,"minecraft:crafting_table":2,"minecraft:wooden_pickaxe":1,"simplyswords:iron_halberd":2,"immersive_armors:wooden_leggings":2,"minecraft:furnace":2,"minecraft:mangrove_planks":20,"minecraft:birch_planks":32,"minecraft:stone_axe":1,"minecraft:air":0,"immersive_armors:wooden_boots":2,"minecraft:iron_chestplate":2,"minecraft:stick":20,"minecraft:iron_ingot":47,"minecraft:iron_pickaxe":2,"minecraft:stone_pickaxe":2,"minecraft:chest":2,"minecraft:stone_sword":1,"minecraft:white_bed":1,"minecraft:iron_shovel":1,"minecraft:torch":8},"minecraft:dropped":{"minecraft:iron_ingot":4,"minecraft:moss_carpet":1,"minecraft:stone_axe":1,"minecraft:mangrove_roots":1,"minecraft:cooked_beef":2,"minecraft:oak_log":3,"minecraft:stone_sword":1,"immersive_armors:wooden_boots":1,"minecraft:rotten_flesh":4,"simplyswords:iron_halberd":1,"minecraft:spruce_fence":3,"minecraft:stick":1,"minecraft:dirt":1,"minecraft:allium":6,"immersive_armors:wooden_leggings":1,"minecraft:iron_chestplate":1,"minecraft:wooden_sword":1,"minecraft:stone_pickaxe":2},"minecraft:mined":{"minecraft:lily_of_the_valley":5,"farmersdelight:wild_carrots":8,"minecraft:mangrove_roots":1,"minecraft:crafting_table":5,"minecraft:spruce_trapdoor":1,"minecraft:allium":2,"minecraft:grass_block":12,"minecraft:spruce_fence":1,"minecraft:dead_bush":1,"minecraft:tall_grass":1,"minecraft:sugar_cane":1,"minecraft:wall_torch":3,"minecraft:spruce_stairs":1,"farmersdelight:wild_onions":7,"minecraft:furnace":4,"minecraft:birch_log":39,"minecraft:iron_ore":47,"minecraft:fire":9,"minecraft:lilac":1,"minecraft:birch_leaves":1,"minecraft:pumpkin":13,"minecraft:mangrove_leaves":13,"minecraft:grass":15,"minecraft:oak_log":9,"minecraft:coal_ore":113,"minecraft:vine":3,"minecraft:gravel":1,"minecraft:dirt":19,"minecraft:mangrove_log":5,"minecraft:stone":72,"minecraft:netherrack":1},"minecraft:killed":{"minecraft:pig":1,"majruszsdifficulty:cursed_armor":1,"minecraft:phantom":1,"minecraft:sheep":5,"minecraft:skeleton":1,"minecraft:zombie":5,"minecraft:chicken":1,"minecraft:cow":8},"minecraft:picked_up":{"minecraft:birch_log":38,"minecraft:crafting_table":5,"minecraft:allium":14,"minecraft:feather":2,"minecraft:lilac":1,"minecraft:chicken":1,"minecraft:leather":6,"minecraft:enchanted_book":1,"minecraft:flint":2,"minecraft:oak_log":9,"minecraft:golden_boots":1,"minecraft:dirt":31,"minecraft:moss_carpet":1,"artifacts:power_glove":1,"minecraft:bone":2,"minecraft:beef":18,"minecraft:sugar_cane":3,"minecraft:spruce_trapdoor":1,"minecraft:mangrove_log":5,"minecraft:furnace":4,"minecraft:stick":3,"minecraft:raw_iron":47,"minecraft:pumpkin":13,"minecraft:torch":4,"minecraft:spruce_fence":3,"minecraft:spruce_stairs":1,"minecraft:porkchop":3,"minecraft:lily_of_the_valley":4,"minecraft:carrot":7,"minecraft:arrow":2,"minecraft:rotten_flesh":4,"minecraft:stone_axe":1,"farmersdelight:onion":7,"minecraft:mangrove_roots":1,"minecraft:netherrack":1,"minecraft:black_wool":1,"minecraft:mutton":8,"minecraft:coal":144,"minecraft:white_wool":4,"minecraft:cobblestone":73},"minecraft:custom":{"minecraft:interact_with_furnace":36,"minecraft:mob_kills":23,"minecraft:interact_with_crafting_table":22,"minecraft:damage_dealt_resisted":604,"minecraft:leave_game":2,"minecraft:time_since_death":67643,"minecraft:sleep_in_bed":1,"minecraft:climb_one_cm":1602,"minecraft:time_since_rest":2560,"minecraft:sprint_one_cm":144466,"minecraft:damage_taken":782,"minecraft:walk_one_cm":80557,"minecraft:drop":26,"minecraft:damage_dealt":3936,"minecraft:swim_one_cm":3464,"minecraft:fly_one_cm":242825,"minecraft:open_chest":10,"minecraft:crouch_one_cm":5292,"minecraft:play_time":73488,"minecraft:deaths":1,"minecraft:sneak_time":2585,"minecraft:walk_under_water_one_cm":786,"minecraft:jump":1171,"minecraft:walk_on_water_one_cm":11072,"minecraft:total_world_time":73488,"minecraft:fall_one_cm":21957},"minecraft:used":{"minecraft:stone_sword":13,"minecraft:iron_shovel":12,"minecraft:stone_pickaxe":40,"minecraft:chest":1,"minecraft:wooden_pickaxe":20,"minecraft:netherrack":1,"minecraft:torch":12,"minecraft:dirt":22,"minecraft:crafting_table":6,"simplyswords:iron_halberd":33,"minecraft:white_bed":1,"minecraft:iron_pickaxe":177,"minecraft:lilac":1,"minecraft:stone_axe":75,"minecraft:wooden_sword":19,"minecraft:cobblestone":6,"minecraft:furnace":6,"minecraft:cooked_beef":9},"minecraft:killed_by":{"minecraft:zombie":1}},"DataVersion":3465}