{"stats":{"minecraft:crafted":{"minecraft:wooden_sword":1,"minecraft:iron_nugget":9,"minecraft:furnace":2,"minecraft:glass":23,"minecraft:iron_hoe":1,"minecraft:stone_pickaxe":2,"minecraft:chest":2,"minecraft:cooked_beef":13,"minecraft:crafting_table":3,"minecraft:spruce_planks":4,"minecraft:wooden_pickaxe":1,"simplyswords:iron_halberd":2,"minecraft:iron_sword":1,"immersive_armors:wooden_leggings":2,"minecraft:mangrove_planks":20,"minecraft:bucket":2,"minecraft:birch_planks":88,"minecraft:stone_axe":2,"minecraft:air":0,"immersive_armors:wooden_boots":2,"minecraft:iron_chestplate":2,"minecraft:stick":60,"minecraft:iron_ingot":47,"minecraft:iron_pickaxe":2,"minecraft:birch_trapdoor":2,"minecraft:stone_sword":1,"minecraft:iron_shovel":1,"minecraft:white_bed":2,"minecraft:torch":132,"minecraft:shears":1},"minecraft:dropped":{"minecraft:iron_ingot":4,"minecraft:wheat_seeds":2,"minecraft:cooked_beef":2,"minecraft:oak_log":3,"simplyswords:iron_halberd":1,"minecraft:flint":4,"minecraft:stick":1,"minecraft:dirt":3,"immersive_armors:wooden_leggings":1,"minecraft:wooden_sword":1,"minecraft:stone_axe":1,"minecraft:moss_carpet":1,"minecraft:sweet_berries":16,"minecraft:mangrove_roots":1,"minecraft:stone_sword":1,"immersive_armors:wooden_boots":1,"minecraft:rotten_flesh":8,"minecraft:spruce_fence":5,"minecraft:carrot":204,"supplementaries:ash":12,"minecraft:allium":6,"minecraft:spruce_trapdoor":1,"minecraft:iron_chestplate":1,"minecraft:sandstone":1,"minecraft:stone_pickaxe":2,"minecraft:cartography_table":1},"minecraft:killed":{"minecraft:witch":1,"minecraft:phantom":1,"minecraft:skeleton":4,"minecraft:chicken":1,"minecraft:pig":2,"majruszsdifficulty:cursed_armor":1,"minecraft:creeper":1,"minecraft:sheep":8,"minecraft:zombie":22,"mutantmonsters:mutant_zombie":1,"minecraft:cow":8},"minecraft:mined":{"minecraft:spruce_planks":16,"minecraft:mossy_cobblestone":3,"farmersdelight:wild_carrots":20,"minecraft:mangrove_roots":1,"minecraft:spruce_trapdoor":8,"minecraft:allium":2,"minecraft:grass_block":14,"minecraft:spruce_fence":3,"minecraft:cartography_table":1,"minecraft:sandstone":1,"farmersdelight:wild_onions":7,"minecraft:furnace":4,"minecraft:iron_ore":47,"minecraft:fire":26,"minecraft:pumpkin":20,"minecraft:bell":1,"minecraft:dirt_path":2,"minecraft:vine":3,"minecraft:stone":167,"minecraft:lily_of_the_valley":5,"minecraft:spruce_door":2,"minecraft:crafting_table":6,"minecraft:torch":1,"minecraft:dead_bush":1,"minecraft:campfire":1,"minecraft:stone_slab":3,"minecraft:tall_grass":15,"minecraft:cobblestone":18,"minecraft:sugar_cane":1,"minecraft:blue_bed":1,"minecraft:wall_torch":13,"minecraft:spruce_stairs":1,"minecraft:purple_bed":1,"minecraft:birch_log":39,"minecraft:sweet_berry_bush":15,"minecraft:lilac":1,"minecraft:spruce_log":61,"minecraft:birch_leaves":1,"minecraft:mangrove_leaves":13,"minecraft:grass":55,"minecraft:coal_ore":114,"minecraft:oak_log":9,"minecraft:sand":92,"minecraft:gravel":7,"minecraft:dirt":88,"minecraft:mangrove_log":5,"minecraft:netherrack":1,"minecraft:fern":4},"minecraft:picked_up":{"minecraft:charcoal":2,"minecraft:crafting_table":6,"minecraft:allium":14,"artifacts:night_vision_goggles":4,"minecraft:chicken":1,"minecraft:stone_slab":3,"minecraft:enchanted_book":1,"minecraft:moss_carpet":1,"artifacts:power_glove":2,"minecraft:cartography_table":1,"minecraft:spruce_planks":3,"minecraft:beef":18,"minecraft:sugar_cane":3,"minecraft:furnace":4,"minecraft:spruce_trapdoor":9,"minecraft:mangrove_log":5,"minecraft:egg":3,"minecraft:sandstone":1,"minecraft:raw_iron":47,"minecraft:stick":6,"minecraft:torch":81,"minecraft:spruce_stairs":1,"minecraft:spruce_fence":7,"minecraft:porkchop":5,"minecraft:carrot":20,"mutantmonsters:hulk_hammer":1,"minecraft:arrow":3,"minecraft:rotten_flesh":29,"farmersdelight:onion":7,"minecraft:mangrove_roots":1,"supplementaries:ash":12,"minecraft:mutton":13,"minecraft:white_wool":12,"minecraft:cobblestone":182,"minecraft:birch_log":38,"minecraft:feather":2,"minecraft:lilac":1,"minecraft:leather":6,"minecraft:birch_planks":45,"minecraft:flint":7,"minecraft:oak_log":9,"minecraft:golden_boots":1,"minecraft:gunpowder":2,"minecraft:blue_bed":1,"minecraft:dirt":104,"minecraft:bone":4,"minecraft:wheat_seeds":2,"minecraft:bell":1,"minecraft:glowstone_dust":2,"minecraft:pumpkin":20,"minecraft:sweet_berries":46,"minecraft:gravel":5,"minecraft:sand":101,"minecraft:spruce_log":111,"minecraft:lily_of_the_valley":4,"minecraft:spider_eye":1,"minecraft:purple_bed":1,"minecraft:stone_axe":1,"minecraft:black_wool":1,"minecraft:netherrack":1,"minecraft:coal":145},"minecraft:custom":{"minecraft:mob_kills":50,"minecraft:interact_with_crafting_table":30,"minecraft:open_barrel":2,"minecraft:bell_ring":11,"minecraft:damage_dealt_resisted":604,"minecraft:leave_game":2,"minecraft:time_since_death":14388,"minecraft:climb_one_cm":5134,"minecraft:sprint_one_cm":289078,"minecraft:walk_one_cm":174669,"minecraft:drop":53,"minecraft:talked_to_villager":6,"minecraft:play_time":121488,"minecraft:deaths":3,"minecraft:sneak_time":10886,"minecraft:walk_under_water_one_cm":786,"minecraft:jump":2120,"minecraft:walk_on_water_one_cm":12869,"minecraft:total_world_time":121488,"minecraft:interact_with_furnace":44,"minecraft:sleep_in_bed":2,"minecraft:time_since_rest":14421,"minecraft:damage_taken":1873,"minecraft:damage_dealt":11473,"minecraft:swim_one_cm":3464,"minecraft:fly_one_cm":479199,"minecraft:open_chest":27,"minecraft:crouch_one_cm":43552,"minecraft:fall_one_cm":44061},"minecraft:used":{"minecraft:stone_sword":13,"minecraft:iron_shovel":172,"minecraft:chest":1,"minecraft:iron_sword":8,"minecraft:bell":1,"minecraft:netherrack":1,"minecraft:torch":83,"minecraft:dirt":36,"minecraft:carrot":8,"minecraft:obsidian":1,"minecraft:glass":17,"minecraft:birch_trapdoor":1,"minecraft:sweet_berries":25,"minecraft:furnace":6,"minecraft:egg":3,"minecraft:cooked_beef":11,"minecraft:water_bucket":1,"minecraft:stone_pickaxe":40,"minecraft:mangrove_planks":1,"minecraft:wooden_pickaxe":20,"minecraft:blue_bed":1,"minecraft:crafting_table":8,"simplyswords:iron_halberd":102,"minecraft:white_bed":2,"minecraft:bread":1,"minecraft:iron_pickaxe":299,"minecraft:spruce_trapdoor":7,"minecraft:lilac":1,"minecraft:stone_axe":170,"minecraft:wooden_sword":19,"minecraft:cobblestone":145,"minecraft:purple_bed":1,"minecraft:bucket":2,"minecraft:pumpkin_pie":1},"minecraft:broken":{"minecraft:stone_axe":1,"minecraft:iron_pickaxe":1},"minecraft:killed_by":{"mutantmonsters:mutant_zombie":1,"minecraft:zombie":2}},"DataVersion":3465}