{"stats":{"minecraft:custom":{"minecraft:jump":49,"minecraft:time_since_rest":1257,"minecraft:leave_game":1,"minecraft:damage_dealt":196,"minecraft:deaths":2,"minecraft:sprint_one_cm":7434,"minecraft:play_time":3307,"minecraft:damage_taken":573,"minecraft:time_since_death":0,"minecraft:walk_one_cm":5385,"minecraft:total_world_time":3307,"minecraft:fall_one_cm":418,"minecraft:fly_one_cm":6263},"minecraft:mined":{"minecraft:grass":6,"minecraft:dandelion":2},"minecraft:killed_by":{"minecraft:player":1,"minecraft:enderman":1}},"DataVersion":3465}