{"stats":{"minecraft:crafted":{"minecraft:cooked_beef":5,"minecraft:oak_planks":12,"minecraft:crafting_table":1,"minecraft:furnace":2,"minecraft:birch_planks":4,"minecraft:diamond_helmet":1,"minecraft:diamond_leggings":1,"minecraft:diamond_pickaxe":1,"minecraft:stick":24,"minecraft:iron_ingot":30,"minecraft:iron_pickaxe":3,"minecraft:diamond_boots":1,"minecraft:torch":32,"minecraft:diamond_chestplate":1},"minecraft:dropped":{"minecraft:blackstone":64,"minecraft:candle":1,"minecraft:cobbled_deepslate":7,"farmersdelight:cabbage_seeds":6,"minecraft:cobblestone":184,"minecraft:iron_horse_armor":1,"minecraft:magenta_bed":1,"supplementaries:flax_seeds":1,"supplementaries:ash":9,"minecraft:gunpowder":1,"minecraft:chest":1,"minecraft:spider_eye":1,"minecraft:arrow":1},"minecraft:killed":{"minecraft:husk":1,"minecraft:spider":2,"majruszsdifficulty:cursed_armor":2,"minecraft:skeleton":9,"minecraft:zombie":8,"artifacts:mimic":1},"minecraft:mined":{"minecraft:deepslate_redstone_ore":45,"minecraft:tuff":75,"minecraft:candle_cake":1,"minecraft:mossy_cobblestone":1,"minecraft:blackstone":234,"minecraft:deepslate_diamond_ore":57,"minecraft:sculk_vein":6,"minecraft:crafting_table":3,"minecraft:torch":5,"minecraft:blast_furnace":1,"minecraft:chest":1,"minecraft:sculk_sensor":4,"minecraft:cobblestone":6,"minecraft:deepslate_gold_ore":11,"minecraft:sculk":16,"minecraft:wall_torch":4,"supplementaries:urn":6,"minecraft:redstone_ore":2,"minecraft:furnace":2,"minecraft:iron_ore":37,"minecraft:cobbled_deepslate":3,"minecraft:fire":3,"minecraft:magenta_bed":2,"minecraft:deepslate_lapis_ore":3,"supplementaries:stick":2,"minecraft:coal_ore":128,"minecraft:deepslate_iron_ore":7,"minecraft:smooth_basalt":5,"minecraft:stone":251,"minecraft:gold_ore":6,"minecraft:deepslate":501},"minecraft:picked_up":{"minecraft:birch_log":1,"minecraft:crafting_table":3,"minecraft:iron_chestplate":1,"minecraft:allium":6,"minecraft:cooked_beef":2,"minecraft:crimson_fungus":32,"minecraft:oak_log":3,"minecraft:magenta_bed":3,"minecraft:gunpowder":1,"minecraft:lapis_lazuli":16,"minecraft:string":5,"minecraft:moss_carpet":1,"minecraft:name_tag":1,"minecraft:bone":13,"minecraft:blackstone":64,"minecraft:bow":1,"minecraft:candle":1,"minecraft:cobbled_deepslate":170,"minecraft:raw_gold":17,"minecraft:iron_ingot":9,"minecraft:stone_pickaxe":2,"immersive_armors:wooden_leggings":1,"minecraft:chest":2,"farmersdelight:cabbage_seeds":3,"minecraft:furnace":3,"minecraft:stick":2,"minecraft:raw_iron":44,"minecraft:torch":21,"simplyswords:iron_halberd":1,"minecraft:blast_furnace":1,"minecraft:redstone":188,"minecraft:spider_eye":1,"minecraft:iron_horse_armor":1,"artifacts:snorkel":1,"minecraft:stone_sword":1,"minecraft:arrow":5,"minecraft:rotten_flesh":13,"minecraft:diamond":57,"supplementaries:ash":9,"immersive_armors:wooden_boots":1,"minecraft:coal":187,"minecraft:skeleton_skull":1,"minecraft:cobblestone":243},"minecraft:custom":{"minecraft:interact_with_furnace":12,"minecraft:mob_kills":23,"minecraft:interact_with_crafting_table":10,"minecraft:open_barrel":2,"minecraft:damage_dealt_resisted":678,"minecraft:leave_game":3,"minecraft:time_since_death":115858,"minecraft:sleep_in_bed":1,"minecraft:climb_one_cm":825,"minecraft:time_since_rest":24074,"minecraft:sprint_one_cm":110624,"minecraft:damage_taken":1338,"minecraft:walk_one_cm":375139,"minecraft:drop":17,"minecraft:damage_dealt":6026,"minecraft:fly_one_cm":67019,"minecraft:open_chest":7,"minecraft:play_time":121479,"minecraft:crouch_one_cm":7413,"minecraft:deaths":1,"minecraft:sneak_time":2729,"minecraft:walk_under_water_one_cm":1591,"minecraft:jump":1292,"minecraft:interact_with_blast_furnace":5,"minecraft:walk_on_water_one_cm":38771,"minecraft:total_world_time":121479,"minecraft:fall_one_cm":10746},"minecraft:used":{"minecraft:moss_carpet":1,"minecraft:water_bucket":105,"minecraft:diamond_boots":1,"minecraft:stone_sword":5,"minecraft:stone_pickaxe":209,"minecraft:iron_chestplate":1,"minecraft:stick":2,"minecraft:torch":52,"minecraft:crafting_table":3,"minecraft:magenta_bed":1,"minecraft:diamond_helmet":1,"simplyswords:iron_halberd":75,"minecraft:diamond_pickaxe":479,"minecraft:bread":4,"minecraft:iron_pickaxe":749,"minecraft:diamond_chestplate":1,"minecraft:cobblestone":67,"minecraft:furnace":3,"minecraft:bucket":106,"minecraft:pumpkin_pie":4,"immersive_armors:wooden_leggings":1,"minecraft:cooked_beef":7,"minecraft:cobbled_deepslate":35,"minecraft:diamond_leggings":1},"minecraft:broken":{"minecraft:stone_pickaxe":2,"minecraft:iron_pickaxe":3}},"DataVersion":3465}