{"stats":{"minecraft:used":{"minecraft:stone_sword":5,"minecraft:stone_pickaxe":118,"minecraft:iron_pickaxe":77,"minecraft:stick":2,"minecraft:iron_chestplate":1,"minecraft:torch":14,"minecraft:cobblestone":1,"minecraft:furnace":1,"simplyswords:iron_halberd":8,"immersive_armors:wooden_leggings":1,"minecraft:cooked_beef":5},"minecraft:broken":{"minecraft:stone_pickaxe":1},"minecraft:killed":{"minecraft:skeleton":1,"minecraft:zombie":1,"minecraft:spider":2},"minecraft:crafted":{"minecraft:cooked_beef":5,"minecraft:oak_planks":12,"minecraft:stick":12,"minecraft:iron_pickaxe":1,"minecraft:furnace":1,"minecraft:torch":32,"minecraft:birch_planks":4},"minecraft:mined":{"minecraft:mossy_cobblestone":1,"minecraft:iron_ore":2,"minecraft:torch":4,"supplementaries:stick":2,"minecraft:coal_ore":65,"minecraft:stone":105},"minecraft:picked_up":{"minecraft:birch_log":1,"minecraft:stick":2,"minecraft:iron_chestplate":1,"minecraft:raw_iron":2,"minecraft:allium":6,"minecraft:cooked_beef":2,"minecraft:torch":4,"minecraft:crimson_fungus":32,"simplyswords:iron_halberd":1,"minecraft:oak_log":3,"minecraft:string":5,"minecraft:iron_horse_armor":1,"minecraft:spider_eye":1,"minecraft:moss_carpet":1,"minecraft:stone_sword":1,"minecraft:bone":3,"minecraft:rotten_flesh":6,"minecraft:stone_pickaxe":2,"minecraft:iron_ingot":4,"immersive_armors:wooden_leggings":1,"immersive_armors:wooden_boots":1,"minecraft:coal":65,"minecraft:cobblestone":105},"minecraft:custom":{"minecraft:time_since_rest":30194,"minecraft:interact_with_furnace":10,"minecraft:sprint_one_cm":59059,"minecraft:damage_taken":831,"minecraft:walk_one_cm":108734,"minecraft:mob_kills":4,"minecraft:damage_dealt":1203,"minecraft:interact_with_crafting_table":3,"minecraft:fly_one_cm":42170,"minecraft:open_chest":1,"minecraft:crouch_one_cm":12,"minecraft:play_time":35760,"minecraft:deaths":1,"minecraft:sneak_time":23,"minecraft:walk_under_water_one_cm":1048,"minecraft:jump":608,"minecraft:leave_game":2,"minecraft:time_since_death":30139,"minecraft:walk_on_water_one_cm":11555,"minecraft:total_world_time":35760,"minecraft:climb_one_cm":825,"minecraft:fall_one_cm":7148}},"DataVersion":3465}