{"stats":{"minecraft:crafted":{"minecraft:cooked_beef":5,"minecraft:oak_planks":12,"minecraft:crafting_table":1,"minecraft:furnace":2,"minecraft:birch_planks":4,"minecraft:diamond_pickaxe":1,"minecraft:stick":24,"minecraft:iron_ingot":30,"minecraft:iron_pickaxe":3,"minecraft:torch":32},"minecraft:dropped":{"minecraft:blackstone":64,"minecraft:candle":1,"minecraft:cobbled_deepslate":3,"minecraft:cobblestone":56,"minecraft:iron_horse_armor":1,"supplementaries:ash":9,"minecraft:gunpowder":1,"minecraft:spider_eye":1},"minecraft:killed":{"minecraft:spider":2,"minecraft:skeleton":4,"minecraft:zombie":8,"artifacts:mimic":1},"minecraft:mined":{"minecraft:deepslate_redstone_ore":25,"minecraft:tuff":29,"minecraft:candle_cake":1,"minecraft:blackstone":231,"minecraft:mossy_cobblestone":1,"minecraft:deepslate_diamond_ore":30,"minecraft:sculk_vein":6,"minecraft:crafting_table":2,"minecraft:torch":5,"minecraft:blast_furnace":1,"minecraft:chest":1,"minecraft:sculk_sensor":4,"minecraft:cobblestone":6,"minecraft:deepslate_gold_ore":6,"minecraft:sculk":16,"minecraft:wall_torch":2,"supplementaries:urn":6,"minecraft:redstone_ore":2,"minecraft:furnace":2,"minecraft:iron_ore":37,"minecraft:fire":3,"minecraft:magenta_bed":2,"minecraft:deepslate_lapis_ore":3,"supplementaries:stick":2,"minecraft:coal_ore":128,"minecraft:deepslate_iron_ore":5,"minecraft:smooth_basalt":5,"minecraft:stone":251,"minecraft:gold_ore":6,"minecraft:deepslate":119},"minecraft:picked_up":{"minecraft:birch_log":1,"minecraft:iron_chestplate":1,"minecraft:crafting_table":2,"minecraft:allium":6,"minecraft:cooked_beef":2,"minecraft:crimson_fungus":32,"minecraft:oak_log":3,"minecraft:magenta_bed":2,"minecraft:lapis_lazuli":16,"minecraft:string":5,"minecraft:moss_carpet":1,"minecraft:bone":11,"minecraft:blackstone":64,"minecraft:bow":1,"minecraft:candle":1,"minecraft:cobbled_deepslate":3,"minecraft:raw_gold":12,"minecraft:stone_pickaxe":2,"minecraft:iron_ingot":9,"immersive_armors:wooden_leggings":1,"minecraft:chest":1,"minecraft:furnace":2,"minecraft:raw_iron":42,"minecraft:stick":2,"minecraft:torch":19,"simplyswords:iron_halberd":1,"minecraft:blast_furnace":1,"minecraft:redstone":119,"minecraft:iron_horse_armor":1,"minecraft:spider_eye":1,"artifacts:snorkel":1,"minecraft:stone_sword":1,"minecraft:arrow":1,"minecraft:rotten_flesh":11,"minecraft:diamond":30,"supplementaries:ash":9,"immersive_armors:wooden_boots":1,"minecraft:coal":187,"minecraft:skeleton_skull":1,"minecraft:cobblestone":243},"minecraft:custom":{"minecraft:interact_with_furnace":12,"minecraft:mob_kills":15,"minecraft:interact_with_crafting_table":9,"minecraft:open_barrel":2,"minecraft:leave_game":2,"minecraft:time_since_death":94344,"minecraft:sleep_in_bed":1,"minecraft:climb_one_cm":825,"minecraft:time_since_rest":2560,"minecraft:sprint_one_cm":89830,"minecraft:damage_taken":1163,"minecraft:walk_one_cm":298247,"minecraft:drop":8,"minecraft:damage_dealt":3493,"minecraft:fly_one_cm":60893,"minecraft:open_chest":3,"minecraft:crouch_one_cm":7413,"minecraft:play_time":99965,"minecraft:deaths":1,"minecraft:sneak_time":2729,"minecraft:walk_under_water_one_cm":1591,"minecraft:jump":1156,"minecraft:interact_with_blast_furnace":5,"minecraft:walk_on_water_one_cm":38445,"minecraft:total_world_time":99965,"minecraft:fall_one_cm":9850},"minecraft:used":{"minecraft:water_bucket":103,"minecraft:moss_carpet":1,"minecraft:stone_sword":5,"minecraft:stone_pickaxe":209,"minecraft:iron_chestplate":1,"minecraft:stick":2,"minecraft:torch":45,"minecraft:crafting_table":2,"minecraft:magenta_bed":1,"simplyswords:iron_halberd":35,"minecraft:diamond_pickaxe":81,"minecraft:bread":1,"minecraft:iron_pickaxe":657,"minecraft:cobblestone":67,"minecraft:furnace":3,"minecraft:bucket":104,"minecraft:pumpkin_pie":3,"immersive_armors:wooden_leggings":1,"minecraft:cooked_beef":7},"minecraft:broken":{"minecraft:stone_pickaxe":2,"minecraft:iron_pickaxe":2}},"DataVersion":3465}