{"stats":{"minecraft:crafted":{"minecraft:oak_planks":16},"minecraft:picked_up":{"minecraft:oak_log":4,"minecraft:bamboo":8,"minecraft:dirt":12},"minecraft:mined":{"minecraft:oak_log":4,"minecraft:oak_leaves":1},"minecraft:killed_by":{"minecraft:creeper":1,"minecraft:zombie":1},"minecraft:custom":{"minecraft:time_since_rest":24721,"minecraft:open_chest":3,"minecraft:damage_taken":670,"minecraft:sprint_one_cm":61399,"minecraft:play_time":32071,"minecraft:deaths":2,"minecraft:walk_one_cm":47535,"minecraft:walk_under_water_one_cm":1381,"minecraft:mob_kills":3,"minecraft:jump":290,"tombstone:raider_killed":2,"minecraft:damage_dealt":460,"minecraft:leave_game":3,"minecraft:walk_on_water_one_cm":206,"minecraft:time_since_death":25130,"minecraft:total_world_time":32071,"minecraft:fall_one_cm":7710,"minecraft:fly_one_cm":57591},"minecraft:killed":{"minecraft:vindicator":1,"minecraft:pillager":1,"terramity:green_fairy":1},"minecraft:used":{"immersive_armors:wooden_chestplate":1,"immersive_armors:wooden_boots":1,"minecraft:stone_axe":10,"minecraft:dirt":12,"immersive_armors:wooden_leggings":1,"immersive_armors:wooden_helmet":1}},"DataVersion":3465}