{"stats":{"minecraft:crafted":{"minecraft:cooked_beef":5,"minecraft:oak_planks":12,"minecraft:crafting_table":1,"minecraft:stick":12,"minecraft:iron_ingot":11,"minecraft:iron_pickaxe":2,"minecraft:furnace":2,"minecraft:birch_planks":4,"minecraft:torch":32},"minecraft:mined":{"minecraft:furnace":1,"minecraft:mossy_cobblestone":1,"minecraft:iron_ore":14,"minecraft:crafting_table":1,"minecraft:torch":5,"supplementaries:stick":2,"minecraft:coal_ore":128,"minecraft:chest":1,"minecraft:cobblestone":2,"minecraft:stone":229,"minecraft:wall_torch":2},"minecraft:killed":{"minecraft:skeleton":2,"minecraft:zombie":2,"minecraft:spider":2},"minecraft:picked_up":{"minecraft:birch_log":1,"minecraft:crafting_table":1,"minecraft:iron_chestplate":1,"minecraft:stick":2,"minecraft:raw_iron":14,"minecraft:allium":6,"minecraft:cooked_beef":2,"minecraft:torch":7,"minecraft:crimson_fungus":32,"simplyswords:iron_halberd":1,"minecraft:oak_log":3,"minecraft:spider_eye":1,"minecraft:iron_horse_armor":1,"minecraft:string":5,"minecraft:moss_carpet":1,"minecraft:stone_sword":1,"minecraft:bone":5,"minecraft:rotten_flesh":8,"minecraft:bow":1,"minecraft:iron_ingot":4,"minecraft:stone_pickaxe":2,"immersive_armors:wooden_leggings":1,"minecraft:chest":1,"immersive_armors:wooden_boots":1,"minecraft:coal":128,"minecraft:furnace":1,"minecraft:cobblestone":226},"minecraft:custom":{"minecraft:interact_with_furnace":12,"minecraft:sprint_one_cm":66667,"minecraft:damage_taken":954,"minecraft:walk_one_cm":143005,"minecraft:mob_kills":6,"minecraft:damage_dealt":1593,"minecraft:interact_with_crafting_table":5,"minecraft:fly_one_cm":42956,"minecraft:open_chest":3,"minecraft:play_time":51965,"minecraft:crouch_one_cm":6492,"minecraft:deaths":1,"minecraft:sneak_time":2115,"minecraft:walk_under_water_one_cm":1127,"minecraft:jump":702,"minecraft:leave_game":2,"minecraft:time_since_death":46344,"minecraft:walk_on_water_one_cm":21790,"minecraft:total_world_time":51965,"minecraft:climb_one_cm":825,"minecraft:fall_one_cm":7417,"minecraft:time_since_rest":46399},"minecraft:used":{"minecraft:stone_sword":5,"minecraft:stone_pickaxe":209,"minecraft:iron_pickaxe":191,"minecraft:torch":24,"minecraft:stick":2,"minecraft:iron_chestplate":1,"minecraft:cobblestone":37,"minecraft:crafting_table":1,"minecraft:furnace":2,"minecraft:bucket":1,"simplyswords:iron_halberd":11,"minecraft:cooked_beef":7,"immersive_armors:wooden_leggings":1},"minecraft:broken":{"minecraft:stone_pickaxe":2}},"DataVersion":3465}