{"stats":{"minecraft:crafted":{"minecraft:cooked_beef":5,"minecraft:oak_planks":12,"minecraft:crafting_table":1,"minecraft:furnace":2,"minecraft:birch_planks":4,"minecraft:diamond_pickaxe":1,"minecraft:stick":24,"minecraft:iron_ingot":30,"minecraft:iron_pickaxe":3,"minecraft:torch":32},"minecraft:dropped":{"minecraft:candle":1,"minecraft:cobbled_deepslate":3,"minecraft:cobblestone":56,"minecraft:iron_horse_armor":1,"supplementaries:ash":9,"minecraft:gunpowder":1,"minecraft:spider_eye":1},"minecraft:killed":{"minecraft:spider":2,"minecraft:skeleton":2,"minecraft:zombie":4,"artifacts:mimic":1},"minecraft:mined":{"minecraft:deepslate_redstone_ore":20,"minecraft:tuff":29,"minecraft:candle_cake":1,"minecraft:blackstone":34,"minecraft:mossy_cobblestone":1,"minecraft:deepslate_diamond_ore":14,"minecraft:sculk_vein":6,"minecraft:crafting_table":2,"minecraft:torch":5,"minecraft:blast_furnace":1,"minecraft:chest":1,"minecraft:sculk_sensor":4,"minecraft:cobblestone":5,"minecraft:deepslate_gold_ore":6,"minecraft:sculk":16,"minecraft:wall_torch":2,"supplementaries:urn":5,"minecraft:redstone_ore":2,"minecraft:furnace":1,"minecraft:iron_ore":37,"minecraft:fire":3,"minecraft:magenta_bed":1,"minecraft:deepslate_lapis_ore":3,"supplementaries:stick":2,"minecraft:coal_ore":128,"minecraft:deepslate_iron_ore":3,"minecraft:smooth_basalt":4,"minecraft:stone":251,"minecraft:gold_ore":6,"minecraft:deepslate":114},"minecraft:picked_up":{"minecraft:birch_log":1,"minecraft:iron_chestplate":1,"minecraft:crafting_table":2,"minecraft:allium":6,"minecraft:cooked_beef":2,"minecraft:crimson_fungus":32,"minecraft:oak_log":3,"minecraft:magenta_bed":1,"minecraft:lapis_lazuli":16,"minecraft:string":5,"minecraft:moss_carpet":1,"minecraft:bone":9,"minecraft:bow":1,"minecraft:candle":1,"minecraft:cobbled_deepslate":3,"minecraft:raw_gold":12,"minecraft:stone_pickaxe":2,"minecraft:iron_ingot":9,"immersive_armors:wooden_leggings":1,"minecraft:chest":1,"minecraft:furnace":1,"minecraft:raw_iron":40,"minecraft:stick":2,"minecraft:torch":18,"simplyswords:iron_halberd":1,"minecraft:blast_furnace":1,"minecraft:redstone":98,"minecraft:iron_horse_armor":1,"minecraft:spider_eye":1,"artifacts:snorkel":1,"minecraft:stone_sword":1,"minecraft:rotten_flesh":9,"minecraft:diamond":14,"supplementaries:ash":9,"immersive_armors:wooden_boots":1,"minecraft:coal":187,"minecraft:skeleton_skull":1,"minecraft:cobblestone":242},"minecraft:custom":{"minecraft:interact_with_furnace":12,"minecraft:mob_kills":9,"minecraft:interact_with_crafting_table":9,"minecraft:open_barrel":2,"minecraft:leave_game":2,"minecraft:time_since_death":70344,"minecraft:climb_one_cm":825,"minecraft:time_since_rest":70399,"minecraft:sprint_one_cm":70518,"minecraft:damage_taken":1039,"minecraft:walk_one_cm":216074,"minecraft:drop":7,"minecraft:damage_dealt":2463,"minecraft:fly_one_cm":43878,"minecraft:open_chest":3,"minecraft:crouch_one_cm":6777,"minecraft:play_time":75965,"minecraft:deaths":1,"minecraft:sneak_time":2526,"minecraft:walk_under_water_one_cm":1127,"minecraft:jump":852,"minecraft:interact_with_blast_furnace":5,"minecraft:walk_on_water_one_cm":21790,"minecraft:total_world_time":75965,"minecraft:fall_one_cm":8290},"minecraft:used":{"minecraft:moss_carpet":1,"minecraft:stone_sword":5,"minecraft:stone_pickaxe":209,"minecraft:iron_chestplate":1,"minecraft:stick":2,"minecraft:torch":38,"minecraft:crafting_table":2,"simplyswords:iron_halberd":20,"minecraft:diamond_pickaxe":33,"minecraft:bread":1,"minecraft:iron_pickaxe":476,"minecraft:cobblestone":63,"minecraft:furnace":2,"minecraft:bucket":1,"minecraft:pumpkin_pie":1,"immersive_armors:wooden_leggings":1,"minecraft:cooked_beef":7},"minecraft:broken":{"minecraft:stone_pickaxe":2,"minecraft:iron_pickaxe":1}},"DataVersion":3465}